<?xml version="1.0"?>
<?xml-stylesheet href="AddressBook.xsl" type="text/xsl"?>
<!DOCTYPE addressbook SYSTEM "AddressBook.dtd" [
<!ENTITY amp "&#38;#38;">
<!ENTITY apos "&#39;">
]>
<addressbook>
	<contact>
		<name>NarendraP</name>
		<address>A/8, 'Sonal' Apartment, Andheri(W)</address>
		<city>Mumbai</city>
		<state>Maharashtra</state>
		<zip>400054</zip>
		<phone>
			<voice>8350039</voice>
			<fax>8350139</fax>
		</phone>
		
		<email>narendrap@rediffmail.com</email>
		<web>http://www.patni.com/narendra</web>
		<company>Patni Computer Systems  &amp; Hardware</company>
	</contact>
	<contact>
		<name>Sachin tendulkar</name>
		<address>'Kanchan' Society, S.V. Road, Dadar (w)</address>
		<city>Mumbai</city>
		<state>Maharashtra</state>
		<zip>400012</zip>
		<phone>
			<voice>4218933</voice>
			<fax>4214545</fax>
		</phone>
		<email>sachint@cricket.com</email>
		<web>http://www.crickonline.com/sachin</web>
		<company>ICC &apos; s club of India  </company>
	</contact>
</addressbook>
